INSERT INTO LAB2_ZV_USER (EMPLOYEE_ID, USERNAME, PASSWORD, ROLE, ENABLE) VALUES (1, 'admin', 'admin', 'ROLE_ADMIN', 1);

INSERT INTO LAB2_ZV_USER (EMPLOYEE_ID, USERNAME, PASSWORD, ROLE, ENABLE) VALUES (2, 'boss', 'boss', 'ROLE_BOSS', 1);

INSERT INTO LAB2_ZV_USER (EMPLOYEE_ID, USERNAME, PASSWORD, ROLE, ENABLE) VALUES (3, 'worker', 'worker', 'ROLE_WORKER', 1);


INSERT INTO LAB2_ZV_JOB (JOB_ID, JOB_NAME, JOB_BASE_SALARY, JOB_PREMIUM) VALUES (1, 'Builder', 1000, 200);

INSERT INTO LAB2_ZV_JOB (JOB_ID, JOB_NAME, JOB_BASE_SALARY, JOB_PREMIUM) VALUES (2, 'Painter', 1500, 300);

INSERT INTO LAB2_ZV_JOB (JOB_ID, JOB_NAME, JOB_BASE_SALARY, JOB_PREMIUM) VALUES (3, 'Handyman', 500, 250);


INSERT INTO LAB2_ZV_REQUIREMENTS (REQUIREMENTS_ID, MATERIAL, COLOR, TYPE, FLOORS_COUNT) VALUES (1, 'concrete', 'light gray', 'dormitory', 5);

INSERT INTO LAB2_ZV_REQUIREMENTS (REQUIREMENTS_ID, MATERIAL, COLOR, TYPE, FLOORS_COUNT) VALUES (2, 'wood', 'light gray', 'house', 2);


INSERT INTO LAB2_ZV_LOCATION (LOCATION_ID, CITY, ADDRESS, AREA, PERMISSION) VALUES (1, 'Kiev', 'Ivana Sirka, 15', 500, 'building');

INSERT INTO LAB2_ZV_LOCATION (LOCATION_ID, CITY, ADDRESS, AREA, PERMISSION) VALUES (2, 'Sumy', 'Kharkivska, 68', 1000, 'building with parking');


INSERT INTO LAB2_ZV_CUSTOMER (CUSTOMER_ID, COMPANY_NAME, COMPANY_BUDGET) VALUES (1, 'TOP-BUILD', 1000000);

INSERT INTO LAB2_ZV_CUSTOMER (CUSTOMER_ID, COMPANY_NAME, COMPANY_BUDGET) VALUES (2, 'CHEAPER', 500000);


INSERT INTO LAB2_ZV_PROJECT (PROJECT_ID, PROJECT_NAME, BUDGET, LOCATION_ID, CUSTOMER_ID, REQUIREMENTS_ID, TIME_TO_BUILD) VALUES (1, 'GORODOK', 100000, 1, 1, 1, 3);

INSERT INTO LAB2_ZV_PROJECT (PROJECT_ID, PROJECT_NAME, BUDGET, LOCATION_ID, CUSTOMER_ID, REQUIREMENTS_ID, TIME_TO_BUILD) VALUES (2, 'UP', 30000, 2, 2, 2, 5);


INSERT INTO LAB2_ZV_EMPLOYEE (EMPLOYEE_ID, FIRSTNAME, LASTNAME, PROJECT_ID, JOB_ID, SALARY) VALUES (1, 'Josh', 'Smith', 1, 1, 1000);

INSERT INTO LAB2_ZV_EMPLOYEE (EMPLOYEE_ID, FIRSTNAME, LASTNAME, PROJECT_ID, JOB_ID, SALARY) VALUES (2, 'Andre', 'Novak', 1, 2, 1000);

INSERT INTO LAB2_ZV_EMPLOYEE (EMPLOYEE_ID, FIRSTNAME, LASTNAME, PROJECT_ID, JOB_ID, SALARY) VALUES (3, 'Frank', 'Albedo', 1, 3, 1000);
